br,km_trecho,uf,municipio,acidentes,mortos,feridos_graves,pessoas,letalidade,letalidade_ic_baixo,letalidade_ic_alto,tipo_pista,uso_solo
101,208,SC,SAO JOSE,82,0,19,193,0.0,0.0,0.019515496601726398,Múltipla,Sim
101,207,SC,SAO JOSE,79,0,11,191,0.0,0.0,0.01971581840920872,Dupla,Sim
101,270,ES,SERRA,72,1,20,196,0.00510204081632653,0.0009012039505642035,0.028329261315080793,Dupla,Sim
101,205,SC,SAO JOSE,72,1,18,147,0.006802721088435374,0.001201858351673784,0.03752395924757054,Múltipla,Não
101,206,SC,SAO JOSE,67,3,17,159,0.018867924528301886,0.006437210968819121,0.05399861963578523,Múltipla,Sim
101,204,SC,SAO JOSE,67,0,11,147,0.0,0.0,0.0254668633592339,Dupla,Sim
116,219,SP,GUARULHOS,67,1,8,158,0.006329113924050633,0.0011181190763210579,0.03497559178898904,Múltipla,Sim
116,228,SP,SAO PAULO,58,5,10,141,0.03546099290780142,0.015240176278430606,0.08032264760771307,Múltipla,Sim
101,70,PE,RECIFE,57,4,16,135,0.02962962962962963,0.01158145671544433,0.07370617221956056,Dupla,Sim
101,214,SC,PALHOCA,56,0,20,133,0.0,0.0,0.02807233168807165,Múltipla,Sim
101,322,RJ,NITEROI,55,0,4,111,0.0,0.0,0.03345010469339234,Dupla,Não
116,225,SP,GUARULHOS,55,0,7,117,0.0,0.0,0.03178924566273337,Múltipla,Sim
40,121,RJ,DUQUE DE CAXIAS,51,3,4,141,0.02127659574468085,0.007261943876534137,0.06068447768552231,Múltipla,Sim
101,210,SC,SAO JOSE,50,1,11,126,0.007936507936507936,0.0014023650608123127,0.043586799985160754,Múltipla,Sim
101,203,SC,SAO JOSE,50,3,15,128,0.0234375,0.008002416396755481,0.06664374505143222,Múltipla,Sim
101,69,PE,RECIFE,50,1,17,122,0.00819672131147541,0.0014483909512206967,0.04497080090682473,Múltipla,Sim
101,216,SC,PALHOCA,49,0,19,101,0.0,0.0,0.036640646399856064,Múltipla,Não
101,134,SC,BALNEARIO CAMBORIU,49,0,12,106,0.0,0.0,0.03497275857347219,Dupla,Sim
101,202,SC,SAO JOSE,49,0,15,116,0.0,0.0,0.0320545064996387,Múltipla,Sim
116,115,PR,CURITIBA,47,0,6,117,0.0,0.0,0.03178924566273337,Múltipla,Sim
101,68,PE,RECIFE,47,0,9,120,0.0,0.0,0.031019166418703472,Múltipla,Sim
116,186,RJ,NOVA IGUACU,46,1,8,113,0.008849557522123894,0.0015638760684392287,0.048430867917584386,Dupla,Não
282,4,SC,SAO JOSE,46,0,8,119,0.0,0.0,0.03127168024193949,Dupla,Sim
116,224,SP,GUARULHOS,46,1,3,108,0.009259259259259259,0.0016363608538834916,0.050593455193663206,Múltipla,Sim
101,266,ES,SERRA,45,1,6,112,0.008928571428571428,0.0015778547032921364,0.048848468308884875,Múltipla,Sim
381,484,MG,BETIM,45,1,11,124,0.008064516129032258,0.0014250064581251692,0.044267986054477064,Múltipla,Não
282,3,SC,FLORIANOPOLIS,45,1,8,111,0.009009009009009009,0.001592085487067213,0.04927333263527301,Múltipla,Sim
116,227,SP,GUARULHOS,44,3,6,76,0.039473684210526314,0.013514635094539595,0.10974787746545529,Múltipla,Sim
282,2,SC,FLORIANOPOLIS,44,2,9,118,0.01694915254237288,0.004660442504200446,0.05969744434803982,Múltipla,Sim
101,213,SC,PALHOCA,43,1,10,109,0.009174311926605505,0.001621331292545096,0.050145624591783226,Múltipla,Sim
116,218,SP,GUARULHOS,43,0,7,104,0.0,0.0,0.0356213543724519,Múltipla,Sim
280,28,SC,ARAQUARI,42,0,11,97,0.0,0.0,0.038094042525947676,Simples,Sim
101,268,ES,SERRA,42,0,6,99,0.0,0.0,0.03735321206782738,Dupla,Sim
116,126,PR,FAZENDA RIO GRANDE,42,2,9,111,0.018018018018018018,0.0049551787085280775,0.06332555284276004,Simples,Sim
282,16,SC,PALHOCA,42,0,13,104,0.0,0.0,0.0356213543724519,Simples,Sim
116,173,RJ,SAO JOAO DE MERITI,41,0,7,98,0.0,0.0,0.03771999012168059,Simples,Não
116,184,RJ,NOVA IGUACU,41,2,5,100,0.02,0.00550196755016235,0.07001179072854388,Dupla,Sim
101,118,SC,ITAJAI,41,0,8,88,0.0,0.0,0.041827066664892186,Múltipla,Sim
101,88,PB,JOAO PESSOA,41,1,17,75,0.013333333333333334,0.002357551139048661,0.0717336555442157,Dupla,Sim
40,109,RJ,DUQUE DE CAXIAS,41,1,6,82,0.012195121951219513,0.002155992081812344,0.06589339688413917,Múltipla,Sim
282,5,SC,SAO JOSE,41,1,9,94,0.010638297872340425,0.0018803957480879388,0.05782291296278561,Múltipla,Sim
116,223,SP,GUARULHOS,41,0,0,93,0.0,0.0,0.03966750261173513,Múltipla,Sim
40,120,RJ,DUQUE DE CAXIAS,41,2,6,116,0.017241379310344827,0.004741013203170528,0.06069092410682546,Múltipla,Sim
116,146,SP,SAO JOSE DOS CAMPOS,41,1,5,117,0.008547008547008548,0.00151035357379644,0.04682950327418935,Dupla,Sim
277,2,PR,PARANAGUA,40,2,11,112,0.017857142857142856,0.004910811536248817,0.06278048742116132,Simples,Sim
116,172,RJ,SAO JOAO DE MERITI,40,2,5,100,0.02,0.00550196755016235,0.07001179072854388,Dupla,Sim
101,269,ES,SERRA,39,0,13,91,0.0,0.0,0.04050400392888019,Simples,Não
101,212,SC,PALHOCA,39,0,15,109,0.0,0.0,0.03404297375132512,Múltipla,Não
40,105,RJ,DUQUE DE CAXIAS,39,1,4,86,0.011627906976744186,0.0020555686652495644,0.06296406589291723,Simples,Sim
101,215,SC,PALHOCA,39,1,9,85,0.011764705882352941,0.002079787134664099,0.0636717088249391,Dupla,Sim
101,199,SC,SAO JOSE,38,0,7,90,0.0,0.0,0.04093562556432677,Dupla,Sim
101,104,RN,NATAL,38,0,7,99,0.0,0.0,0.03735321206782738,Dupla,Não
381,491,MG,BETIM,38,1,10,97,0.010309278350515464,0.0018221648082868483,0.05610499024289902,Dupla,Sim
101,200,SC,BIGUACU,38,1,6,85,0.011764705882352941,0.002079787134664099,0.0636717088249391,Dupla,Não
101,119,SC,ITAJAI,38,1,3,92,0.010869565217391304,0.001921329040091714,0.059027856130625174,Múltipla,Sim
101,94,RN,NATAL,38,0,12,86,0.0,0.0,0.042758197285742205,Dupla,Sim
116,181,RJ,NOVA IGUACU,38,2,3,86,0.023255813953488372,0.006400926204270865,0.08088014562632054,Múltipla,Sim
116,220,SP,GUARULHOS,38,2,6,89,0.02247191011235955,0.006184398702128592,0.07827634674822492,Múltipla,Sim
101,211,SC,SAO JOSE,38,0,14,77,0.0,0.0,0.04751842528243406,Dupla,Sim
343,3,PI,TERESINA,37,0,17,87,0.0,0.0,0.042287506944120326,Múltipla,Sim
101,298,ES,VIANA,37,0,14,80,0.0,0.0,0.045818129535527094,Dupla,Sim
116,145,SP,SAO JOSE DOS CAMPOS,37,1,7,92,0.010869565217391304,0.001921329040091714,0.059027856130625174,Dupla,Sim
116,171,RJ,RIO DE JANEIRO,37,2,8,88,0.022727272727272728,0.006254928263812166,0.07912545355267583,Dupla,Sim
40,518,MG,RIBEIRAO DAS NEVES,37,1,10,101,0.009900990099009901,0.0017499112489682278,0.05396715799445504,Dupla,Sim
40,123,RJ,DUQUE DE CAXIAS,37,0,5,79,0.0,0.0,0.046371211653922634,Múltipla,Sim
230,22,PB,JOAO PESSOA,36,0,9,93,0.0,0.0,0.03966750261173513,Dupla,Não
277,83,PR,CURITIBA,36,1,6,83,0.012048192771084338,0.0021299774281082692,0.06513580668032404,Dupla,Sim
343,2,PI,TERESINA,36,0,7,83,0.0,0.0,0.04423530964197382,Múltipla,Sim
116,282,SP,EMBU DAS ARTES,36,5,7,88,0.056818181818181816,0.024511027973809205,0.1261993265700725,Dupla,Não
116,230,SP,SAO PAULO,35,3,12,91,0.03296703296703297,0.01127440676768262,0.09249306942962307,Simples,Não
116,169,RJ,RIO DE JANEIRO,35,0,2,75,0.0,0.0,0.04872384248280584,Múltipla,Não
101,67,PE,RECIFE,35,1,9,83,0.012048192771084338,0.0021299774281082692,0.06513580668032404,Dupla,Sim
101,120,SC,ITAJAI,35,0,10,76,0.0,0.0,0.048113585065137306,Simples,Não
101,86,PB,BAYEUX,35,1,14,78,0.01282051282051282,0.0022667317538337256,0.06910857001702223,Dupla,Sim
101,321,RJ,NITEROI,35,1,2,86,0.011627906976744186,0.0020555686652495644,0.06296406589291723,Múltipla,Sim
116,147,SP,SAO JOSE DOS CAMPOS,35,2,5,88,0.022727272727272728,0.006254928263812166,0.07912545355267583,Dupla,Sim
153,62,SP,SAO JOSE DO RIO PRETO,34,0,6,87,0.0,0.0,0.042287506944120326,Dupla,Sim
101,117,SC,ITAJAI,34,0,13,90,0.0,0.0,0.04093562556432677,Múltipla,Sim
230,23,PB,JOAO PESSOA,34,1,13,90,0.011111111111111112,0.001964084100918348,0.0602840831175345,Dupla,Sim
324,622,BA,SALVADOR,34,0,1,83,0.0,0.0,0.04423530964197382,Múltipla,Não
277,4,PR,PARANAGUA,34,2,4,94,0.02127659574468085,0.005854336239172767,0.07429020489102962,Simples,Sim
116,222,SP,GUARULHOS,34,0,8,72,0.0,0.0,0.05065117259645778,Múltipla,Sim
116,185,RJ,RIO DE JANEIRO,34,2,4,77,0.025974025974025976,0.007152159807893181,0.08984582779753131,Dupla,Não
101,136,SC,BALNEARIO CAMBORIU,34,0,9,91,0.0,0.0,0.04050400392888019,Múltipla,Sim
101,209,SC,SAO JOSE,33,2,12,106,0.018867924528301886,0.005189608779595737,0.06619927211185864,Múltipla,Sim
101,137,SC,BALNEARIO CAMBORIU,33,1,9,75,0.013333333333333334,0.002357551139048661,0.0717336555442157,Múltipla,Sim
101,197,SC,BIGUACU,33,1,6,67,0.014925373134328358,0.002639571734078895,0.07981862319778105,Dupla,Não
282,1,SC,FLORIANOPOLIS,33,1,7,94,0.010638297872340425,0.0018803957480879388,0.05782291296278561,Múltipla,Sim
277,722,PR,FOZ DO IGUACU,33,0,13,96,0.0,0.0,0.038475587857675665,Dupla,Sim
101,313,RJ,SAO GONCALO,33,2,8,82,0.024390243902439025,0.006714370331163358,0.08463378391063936,Dupla,Sim
381,489,MG,BETIM,33,1,13,77,0.012987012987012988,0.0022962172971240508,0.06996198914680522,Dupla,Sim
101,130,SC,BALNEARIO CAMBORIU,33,4,6,62,0.06451612903225806,0.02537290552044079,0.15447515727752875,Dupla,Sim
101,112,SC,ITAJAI,33,2,5,73,0.0273972602739726,0.007545758679607648,0.09450148171690531,Dupla,Sim
470,54,SC,BLUMENAU,32,0,4,75,0.0,0.0,0.04872384248280584,Simples,Não
230,18,PB,JOAO PESSOA,32,2,10,74,0.02702702702702703,0.007443352638267217,0.093292925169125,Dupla,Sim
101,146,ES,LINHARES,32,1,7,76,0.013157894736842105,0.0023264800455790532,0.0708367475178441,Múltipla,Não
116,212,SP,GUARULHOS,32,3,8,75,0.04,0.013696064260143921,0.11112987082403744,Múltipla,Sim
381,483,MG,BETIM,32,2,8,76,0.02631578947368421,0.007246659075128337,0.0909662109865807,Dupla,Sim
116,183,RJ,NOVA IGUACU,32,0,9,88,0.0,0.0,0.041827066664892186,Dupla,Sim
232,8,PE,RECIFE,32,0,10,74,0.0,0.0,0.049349779396386045,Múltipla,Não
230,24,PB,JOAO PESSOA,32,0,10,91,0.0,0.0,0.04050400392888019,Dupla,Sim
376,4,PR,APUCARANA,32,0,10,79,0.0,0.0,0.046371211653922634,Simples,Sim
290,92,RS,PORTO ALEGRE,32,2,1,86,0.023255813953488372,0.006400926204270865,0.08088014562632054,Múltipla,Não
101,151,SC,PORTO BELO,32,2,7,64,0.03125,0.008612138346171867,0.10697291770958312,Dupla,Sim
101,126,SC,ITAJAI,32,3,6,69,0.043478260869565216,0.014895903896212315,0.12021202749379142,Dupla,Sim
116,116,PR,CURITIBA,31,0,6,80,0.0,0.0,0.045818129535527094,Dupla,Não
381,486,MG,BETIM,31,0,2,76,0.0,0.0,0.048113585065137306,Dupla,Sim
116,252,RS,SAPUCAIA DO SUL,31,2,4,82,0.024390243902439025,0.006714370331163358,0.08463378391063936,Dupla,Sim
101,149,SC,ITAPEMA,31,1,10,62,0.016129032258064516,0.00285286716862182,0.08586720260689991,Dupla,Sim
290,91,RS,PORTO ALEGRE,31,0,2,97,0.0,0.0,0.038094042525947676,Dupla,Sim
101,50,SP,UBATUBA,31,0,7,73,0.0,0.0,0.049992007955731096,Simples,Sim
101,90,PB,JOAO PESSOA,31,2,11,75,0.02666666666666667,0.0073436890061313945,0.09211488187759148,Dupla,Sim
116,268,RS,CANOAS,31,2,3,68,0.029411764705882353,0.008103179543129883,0.1010463136522306,Dupla,Sim
40,108,RJ,DUQUE DE CAXIAS,31,1,7,63,0.015873015873015872,0.002807494213869284,0.08458525459438393,Múltipla,Sim
101,95,RN,NATAL,31,0,6,76,0.0,0.0,0.048113585065137306,Dupla,Não
465,20,RJ,NOVA IGUACU,31,0,6,70,0.0,0.0,0.0520230624102669,Simples,Sim
222,2,CE,FORTALEZA,30,2,9,69,0.028985507246376812,0.007985202692364204,0.09966583763065552,Múltipla,Sim
101,264,ES,SERRA,30,1,12,73,0.0136986301369863,0.0024222514664838588,0.07359737270963818,Dupla,Sim
40,113,RJ,DUQUE DE CAXIAS,30,0,4,76,0.0,0.0,0.048113585065137306,Simples,Não
101,318,RJ,SAO GONCALO,30,0,1,62,0.0,0.0,0.058344072101372456,Dupla,Sim
40,122,RJ,DUQUE DE CAXIAS,30,0,3,80,0.0,0.0,0.045818129535527094,Dupla,Sim
280,58,SC,GUARAMIRIM,30,0,5,61,0.0,0.0,0.0592438678981128,Dupla,Sim
40,114,RJ,DUQUE DE CAXIAS,30,1,3,63,0.015873015873015872,0.002807494213869284,0.08458525459438393,Dupla,Sim
40,111,RJ,DUQUE DE CAXIAS,30,0,2,98,0.0,0.0,0.03771999012168059,Múltipla,Sim
101,194,SC,BIGUACU,30,1,8,71,0.014084507042253521,0.00249060327054422,0.07556050520249004,Dupla,Sim
101,97,RN,NATAL,30,0,3,70,0.0,0.0,0.0520230624102669,Dupla,Sim
230,28,PB,JOAO PESSOA,30,2,11,60,0.03333333333333333,0.00918931925619787,0.11363774274308597,Dupla,Sim
101,66,PE,RECIFE,30,4,8,72,0.05555555555555555,0.02181421598131665,0.13432015965997912,Dupla,Sim
381,86,SP,SAO PAULO,29,1,8,69,0.014492753623188406,0.002562924644588467,0.07763122461144725,Dupla,Sim
70,10,DF,BRASILIA,29,1,3,72,0.013888888888888888,0.002455951882905767,0.07456602147476152,Múltipla,Não
101,265,ES,SERRA,29,1,11,68,0.014705882352941176,0.0026006835761068076,0.07870973128160869,Múltipla,Sim
116,283,SP,ITAPECERICA DA SERRA,29,0,1,61,0.0,0.0,0.0592438678981128,Dupla,Sim
364,343,RO,JI-PARANA,29,0,9,67,0.0,0.0,0.05422613939130177,Simples,Sim
280,24,SC,ARAQUARI,29,0,6,67,0.0,0.0,0.05422613939130177,Simples,Sim
40,2,GO,VALPARAISO DE GOIAS,29,0,3,67,0.0,0.0,0.05422613939130177,Dupla,Sim
101,201,SC,SAO JOSE,29,0,5,61,0.0,0.0,0.0592438678981128,Múltipla,Sim
101,148,SC,ITAPEMA,29,0,7,60,0.0,0.0,0.06017185214208984,Múltipla,Sim
101,84,PB,BAYEUX,29,1,5,61,0.01639344262295082,0.002899730799299831,0.08718860044641583,Dupla,Sim
230,21,PB,JOAO PESSOA,29,1,10,71,0.014084507042253521,0.00249060327054422,0.07556050520249004,Dupla,Sim
101,84,RN,SAO GONCALO DO AMARANTE,29,2,8,66,0.030303030303030304,0.008349910198653769,0.10392521911709715,Simples,Sim
230,27,PB,JOAO PESSOA,29,0,6,62,0.0,0.0,0.058344072101372456,Simples,Sim
232,5,PE,RECIFE,29,1,11,57,0.017543859649122806,0.003103664651408093,0.09290749178567684,Dupla,Sim
376,176,PR,MARINGA,29,0,4,69,0.0,0.0,0.0527372581890517,Dupla,Sim
116,217,SP,GUARULHOS,29,0,3,70,0.0,0.0,0.0520230624102669,Dupla,Não
324,620,BA,SIMOES FILHO,29,2,2,79,0.02531645569620253,0.006970367306584818,0.08768584628891135,Múltipla,Sim
116,221,SP,GUARULHOS,28,0,2,55,0.0,0.0,0.06528490111708635,Múltipla,Não
277,5,PR,PARANAGUA,28,3,4,70,0.04285714285714286,0.014681541004111405,0.11859668748527549,Dupla,Sim
116,182,RJ,NOVA IGUACU,28,1,2,71,0.014084507042253521,0.00249060327054422,0.07556050520249004,Dupla,Sim
101,297,RJ,ITABORAI,28,1,6,60,0.016666666666666666,0.0029481597947862564,0.08855129727590058,Simples,Sim
101,295,RJ,ITABORAI,28,1,0,71,0.014084507042253521,0.00249060327054422,0.07556050520249004,Dupla,Sim
230,26,PB,JOAO PESSOA,28,2,10,56,0.03571428571428571,0.00984942514823639,0.12118780180490105,Dupla,Sim
101,51,PE,PAULISTA,28,2,8,68,0.029411764705882353,0.008103179543129883,0.1010463136522306,Múltipla,Sim
101,132,SC,BALNEARIO CAMBORIU,28,0,13,64,0.0,0.0,0.05662405979280531,Múltipla,Sim
101,145,SC,ITAPEMA,28,2,9,74,0.02702702702702703,0.007443352638267217,0.093292925169125,Dupla,Sim
116,265,RS,CANOAS,28,1,1,69,0.014492753623188406,0.002562924644588467,0.07763122461144725,Múltipla,Sim
230,12,PB,CABEDELO,28,1,10,63,0.015873015873015872,0.002807494213869284,0.08458525459438393,Dupla,Sim
230,16,PB,JOAO PESSOA,28,0,7,66,0.0,0.0,0.05500255701354127,Dupla,Sim
101,85,PB,BAYEUX,28,1,8,67,0.014925373134328358,0.002639571734078895,0.07981862319778105,Dupla,Sim
381,490,MG,BETIM,28,1,9,68,0.014705882352941176,0.0026006835761068076,0.07870973128160869,Dupla,Sim
381,485,MG,BETIM,28,0,10,69,0.0,0.0,0.0527372581890517,Dupla,Sim
116,144,SP,SAO JOSE DOS CAMPOS,28,0,4,69,0.0,0.0,0.0527372581890517,Dupla,Não
116,412,MG,GOVERNADOR VALADARES,28,0,18,71,0.0,0.0,0.05132795219689032,Simples,Não
101,290,ES,CARIACICA,28,2,11,61,0.03278688524590164,0.009037890398362398,0.11189490419495612,Dupla,Sim
282,6,SC,SAO JOSE,28,0,6,47,0.0,0.0,0.07555760416399626,Dupla,Sim
101,48,PE,ABREU E LIMA,27,0,8,73,0.0,0.0,0.049992007955731096,Múltipla,Sim
230,20,PB,JOAO PESSOA,27,1,7,60,0.016666666666666666,0.0029481597947862564,0.08855129727590058,Dupla,Sim
40,119,RJ,DUQUE DE CAXIAS,27,2,7,49,0.04081632653061224,0.011265633366185801,0.13713032306080064,Dupla,Sim
101,45,PE,IGARASSU,27,3,6,76,0.039473684210526314,0.013514635094539595,0.10974787746545529,Múltipla,Sim
230,17,PB,JOAO PESSOA,27,0,6,64,0.0,0.0,0.05662405979280531,Dupla,Sim
116,277,MG,TEOFILO OTONI,27,0,13,62,0.0,0.0,0.058344072101372456,Múltipla,Sim
153,506,GO,APARECIDA DE GOIANIA,27,0,10,52,0.0,0.0,0.0687922361238623,Múltipla,Sim
381,480,MG,CONTAGEM,27,1,4,73,0.0136986301369863,0.0024222514664838588,0.07359737270963818,Múltipla,Sim
101,262,ES,SERRA,27,1,10,67,0.014925373134328358,0.002639571734078895,0.07981862319778105,Dupla,Sim
280,30,SC,ARAQUARI,27,0,10,61,0.0,0.0,0.0592438678981128,Simples,Não
70,2,MT,BARRA DO GARCAS,27,0,1,60,0.0,0.0,0.06017185214208984,Simples,Sim
40,528,MG,CONTAGEM,27,1,7,62,0.016129032258064516,0.00285286716862182,0.08586720260689991,Dupla,Sim
381,481,MG,CONTAGEM,27,4,6,66,0.06060606060606061,0.023818614832318355,0.14572908678564217,Múltipla,Sim
40,124,RJ,RIO DE JANEIRO,27,0,2,48,0.0,0.0,0.07410012966611745,Múltipla,Não
376,3,PR,APUCARANA,27,4,4,71,0.056338028169014086,0.022124519301696656,0.13609605799976943,Simples,Sim
116,279,SP,EMBU DAS ARTES,27,1,7,52,0.019230769230769232,0.0034028080709451597,0.10120511127892244,Múltipla,Sim
116,229,SP,SAO PAULO,27,1,6,65,0.015384615384615385,0.0027209446020234687,0.0821328472955147,Múltipla,Não
40,110,RJ,DUQUE DE CAXIAS,27,0,3,71,0.0,0.0,0.05132795219689032,Múltipla,Sim
101,71,PE,RECIFE,27,1,7,73,0.0136986301369863,0.0024222514664838588,0.07359737270963818,Dupla,Sim
101,192,SC,BIGUACU,27,0,4,55,0.0,0.0,0.06528490111708635,Dupla,Não
101,109,RN,PARNAMIRIM,26,0,6,54,0.0,0.0,0.06641358809089637,Múltipla,Sim
232,9,PE,JABOATAO DOS GUARARAPES,26,1,9,79,0.012658227848101266,0.0022379938550498926,0.06827571876965952,Dupla,Sim
116,176,RJ,SAO JOAO DE MERITI,26,1,4,59,0.01694915254237288,0.0029982339183556375,0.08995725964142295,Múltipla,Sim
116,180,RJ,NOVA IGUACU,26,0,5,54,0.0,0.0,0.06641358809089637,Múltipla,Sim
428,188,PE,PETROLINA,26,0,8,64,0.0,0.0,0.05662405979280531,Dupla,Sim
465,21,RJ,NOVA IGUACU,26,0,5,60,0.0,0.0,0.06017185214208984,Simples,Não
101,83,PB,BAYEUX,26,1,11,74,0.013513513513513514,0.002389463403456825,0.0726535651984323,Dupla,Sim
116,210,SP,GUARULHOS,26,0,2,63,0.0,0.0,0.05747119958885169,Dupla,Sim
381,478,MG,CONTAGEM,26,0,6,71,0.0,0.0,0.05132795219689032,Dupla,Sim
153,61,SP,SAO JOSE DO RIO PRETO,26,0,5,71,0.0,0.0,0.05132795219689032,Dupla,Sim
101,147,ES,LINHARES,26,0,8,62,0.0,0.0,0.058344072101372456,Dupla,Não
230,19,PB,JOAO PESSOA,26,2,10,66,0.030303030303030304,0.008349910198653769,0.10392521911709715,Dupla,Não
101,150,SC,ITAPEMA,26,2,11,55,0.03636363636363636,0.010029541289333553,0.12323463974651011,Dupla,Sim
280,128,SC,RIO NEGRINHO,26,0,2,64,0.0,0.0,0.05662405979280531,Simples,Sim
116,15,PR,CAMPINA GRANDE DO SUL,26,2,4,52,0.038461538461538464,0.010611711001315298,0.1298118915745576,Dupla,Não
116,119,PR,CURITIBA,26,1,2,59,0.01694915254237288,0.0029982339183556375,0.08995725964142295,Dupla,Sim
277,3,PR,PARANAGUA,26,0,6,64,0.0,0.0,0.05662405979280531,Simples,Sim
381,500,MG,BETIM,25,0,9,75,0.0,0.0,0.04872384248280584,Dupla,Não
116,187,RJ,NOVA IGUACU,25,1,0,64,0.015625,0.002763541923337505,0.08334101600094262,Múltipla,Sim
465,5,RJ,SEROPEDICA,25,0,5,56,0.0,0.0,0.06419393671876339,Simples,Sim
116,177,RJ,SAO JOAO DE MERITI,25,0,3,60,0.0,0.0,0.06017185214208984,Dupla,Sim
101,96,RN,NATAL,25,0,2,54,0.0,0.0,0.06641358809089637,Múltipla,Sim
40,115,RJ,DUQUE DE CAXIAS,25,0,1,57,0.0,0.0,0.06313883485297893,Múltipla,Sim
40,116,RJ,DUQUE DE CAXIAS,25,1,3,57,0.017543859649122806,0.003103664651408093,0.09290749178567684,Dupla,Sim
101,385,RJ,RIO DE JANEIRO,25,1,6,73,0.0136986301369863,0.0024222514664838588,0.07359737270963818,Múltipla,Não
116,170,RJ,RIO DE JANEIRO,25,0,6,62,0.0,0.0,0.058344072101372456,Dupla,Não
381,89,SP,GUARULHOS,25,0,2,46,0.0,0.0,0.07707356308558035,Dupla,Sim
116,215,SP,GUARULHOS,25,0,4,66,0.0,0.0,0.05500255701354127,Múltipla,Sim
324,517,BA,FEIRA DE SANTANA,25,1,3,60,0.016666666666666666,0.0029481597947862564,0.08855129727590058,Simples,Sim
101,196,SC,BIGUACU,25,0,9,61,0.0,0.0,0.0592438678981128,Múltipla,Sim
230,10,PB,CABEDELO,25,0,3,48,0.0,0.0,0.07410012966611745,Dupla,Sim
40,523,MG,CONTAGEM,25,0,2,61,0.0,0.0,0.0592438678981128,Dupla,Não
381,482,MG,BETIM,25,0,3,53,0.0,0.0,0.06758198857654184,Múltipla,Sim
116,248,RS,SAO LEOPOLDO,25,7,5,69,0.10144927536231885,0.05001663810845994,0.19491885754947985,Dupla,Sim
101,289,ES,CARIACICA,25,0,10,66,0.0,0.0,0.05500255701354127,Dupla,Sim
101,288,ES,CARIACICA,25,1,14,59,0.01694915254237288,0.0029982339183556375,0.08995725964142295,Dupla,Não
101,195,SC,BIGUACU,25,1,8,53,0.018867924528301886,0.0033384533882637665,0.09942912052501235,Múltipla,Sim
101,334,SC,TUBARAO,25,0,6,66,0.0,0.0,0.05500255701354127,Múltipla,Sim
324,621,BA,SALVADOR,25,0,3,62,0.0,0.0,0.058344072101372456,Múltipla,Sim
101,52,SP,UBATUBA,24,0,2,61,0.0,0.0,0.0592438678981128,Simples,Sim
101,144,ES,LINHARES,24,1,2,60,0.016666666666666666,0.0029481597947862564,0.08855129727590058,Simples,Não
101,138,SC,BALNEARIO CAMBORIU,24,2,4,59,0.03389830508474576,0.00934590909166131,0.11543570750110749,Dupla,Sim
280,29,SC,ARAQUARI,24,0,11,65,0.0,0.0,0.05580153132285686,Simples,Sim
376,182,PR,MARINGA,24,2,4,61,0.03278688524590164,0.009037890398362398,0.11189490419495612,Dupla,Sim
116,216,SP,GUARULHOS,24,0,2,62,0.0,0.0,0.058344072101372456,Múltipla,Sim
101,387,RJ,RIO DE JANEIRO,24,0,3,53,0.0,0.0,0.06758198857654184,Dupla,Não
101,312,RJ,SAO GONCALO,24,0,4,48,0.0,0.0,0.07410012966611745,Dupla,Sim
40,516,MG,RIBEIRAO DAS NEVES,24,0,3,66,0.0,0.0,0.05500255701354127,Dupla,Sim
101,131,SC,CAMBORIU,24,1,7,46,0.021739130434782608,0.0038478542580502872,0.11335294521511351,Múltipla,Não
381,494,MG,BETIM,24,2,5,61,0.03278688524590164,0.009037890398362398,0.11189490419495612,Múltipla,Sim
364,342,RO,JI-PARANA,24,0,6,64,0.0,0.0,0.05662405979280531,Múltipla,Sim
448,22,RS,PORTO ALEGRE,24,2,3,40,0.05,0.013820667386148358,0.16503877369140957,Simples,Não
101,41,SC,JOINVILLE,24,2,2,60,0.03333333333333333,0.00918931925619787,0.11363774274308597,Múltipla,Sim
101,191,SC,BIGUACU,24,1,10,55,0.01818181818181818,0.003216780454841077,0.09605776062162394,Dupla,Sim
20,10,DF,BRASILIA,24,0,9,64,0.0,0.0,0.05662405979280531,Dupla,Sim
101,333,RJ,RIO DE JANEIRO,24,0,4,41,0.0,0.0,0.08566757018443184,Múltipla,Sim
101,79,RN,EXTREMOZ,23,0,10,44,0.0,0.0,0.08029560375848063,Simples,Não
101,46,PE,IGARASSU,23,0,11,59,0.0,0.0,0.061129370526788365,Múltipla,Sim
116,174,RJ,SAO JOAO DE MERITI,23,0,2,58,0.0,0.0,0.062117855787202886,Múltipla,Sim
116,147,RJ,DUQUE DE CAXIAS,23,5,3,68,0.07352941176470588,0.03181484425111798,0.16085188395717748,Dupla,Sim
101,327,RJ,RIO DE JANEIRO,23,0,6,64,0.0,0.0,0.05662405979280531,Dupla,Não
40,3,DF,BRASILIA,23,0,5,54,0.0,0.0,0.06641358809089637,Dupla,Sim
277,70,PR,SAO JOSE DOS PINHAIS,23,2,3,63,0.031746031746031744,0.008749527561580449,0.1085647704660743,Dupla,Não
101,65,PE,RECIFE,23,0,13,50,0.0,0.0,0.0713475991333587,Dupla,Não
101,60,PE,RECIFE,23,3,5,48,0.0625,0.0214832329083893,0.16835438054946347,Múltipla,Sim
116,17,CE,ITAITINGA,23,0,4,70,0.0,0.0,0.0520230624102669,Dupla,Sim
277,82,PR,CURITIBA,23,1,2,59,0.01694915254237288,0.0029982339183556375,0.08995725964142295,Dupla,Sim
40,104,RJ,DUQUE DE CAXIAS,23,0,7,61,0.0,0.0,0.0592438678981128,Múltipla,Não
116,226,SP,GUARULHOS,23,1,4,57,0.017543859649122806,0.003103664651408093,0.09290749178567684,Múltipla,Sim
20,4,DF,BRASILIA,23,0,4,61,0.0,0.0,0.0592438678981128,Dupla,Sim
324,516,BA,FEIRA DE SANTANA,23,0,7,57,0.0,0.0,0.06313883485297893,Simples,Sim
70,16,DF,BRASILIA,23,0,3,55,0.0,0.0,0.06528490111708635,Simples,Não
101,267,ES,SERRA,23,1,7,41,0.024390243902439025,0.004318531568912404,0.12595062055774228,Dupla,Sim
101,149,ES,LINHARES,23,0,8,61,0.0,0.0,0.0592438678981128,Simples,Sim
116,213,SP,GUARULHOS,23,3,5,54,0.05555555555555555,0.019073268454690914,0.1510721431816614,Múltipla,Sim
101,295,ES,CARIACICA,23,0,7,55,0.0,0.0,0.06528490111708635,Dupla,Sim
280,56,SC,GUARAMIRIM,23,1,6,50,0.02,0.0035392592716462293,0.1049544358963781,Dupla,Sim
153,437,GO,ANAPOLIS,23,0,4,36,0.0,0.0,0.09641862859446362,Simples,Sim
153,64,SP,SAO JOSE DO RIO PRETO,23,3,2,64,0.046875,0.016069016786292974,0.12899653740093683,Dupla,Sim
101,123,SC,ITAJAI,23,1,5,53,0.018867924528301886,0.0033384533882637665,0.09942912052501235,Dupla,Sim
364,341,RO,JI-PARANA,23,0,5,57,0.0,0.0,0.06313883485297893,Simples,Sim
101,89,PB,JOAO PESSOA,23,1,8,51,0.0196078431372549,0.0034696926410608467,0.10304568726144972,Dupla,Sim
116,702,MG,MURIAE,23,0,5,61,0.0,0.0,0.0592438678981128,Simples,Sim
116,276,MG,TEOFILO OTONI,23,0,9,60,0.0,0.0,0.06017185214208984,Dupla,Sim
70,18,DF,BRASILIA,23,0,6,53,0.0,0.0,0.06758198857654184,Dupla,Não
282,0,SC,FLORIANOPOLIS,23,0,6,56,0.0,0.0,0.06419393671876339,Múltipla,Não
101,331,RJ,RIO DE JANEIRO,23,0,7,54,0.0,0.0,0.06641358809089637,Dupla,Não
101,309,RJ,SAO GONCALO,23,1,2,60,0.016666666666666666,0.0029481597947862564,0.08855129727590058,Dupla,Sim
101,80,PE,JABOATAO DOS GUARARAPES,23,1,5,55,0.01818181818181818,0.003216780454841077,0.09605776062162394,Múltipla,Sim
101,72,PE,RECIFE,23,0,11,56,0.0,0.0,0.06419393671876339,Dupla,Sim
493,19,RJ,MAGE,23,3,7,53,0.05660377358490566,0.019436661484935766,0.15370208310180888,Simples,Sim
101,329,RJ,RIO DE JANEIRO,23,1,1,60,0.016666666666666666,0.0029481597947862564,0.08855129727590058,Dupla,Sim
116,263,RS,CANOAS,23,1,0,58,0.017241379310344827,0.0030500384460675142,0.0914085809346801,Dupla,Não
116,414,MG,GOVERNADOR VALADARES,22,0,6,55,0.0,0.0,0.06528490111708635,Simples,Sim
101,296,ES,CARIACICA,22,1,5,52,0.019230769230769232,0.0034028080709451597,0.10120511127892244,Dupla,Sim
60,97,GO,ANAPOLIS,22,0,8,49,0.0,0.0,0.07269781922049635,Dupla,Sim
381,71,SP,SAO PAULO,22,0,1,47,0.0,0.0,0.07555760416399626,Dupla,Não
116,284,SP,EMBU DAS ARTES,22,0,2,50,0.0,0.0,0.0713475991333587,Dupla,Sim
470,58,SC,BLUMENAU,22,2,3,49,0.04081632653061224,0.011265633366185801,0.13713032306080064,Simples,Sim
101,51,SP,UBATUBA,22,0,7,56,0.0,0.0,0.06419393671876339,Simples,Sim
101,49,SP,UBATUBA,22,0,8,52,0.0,0.0,0.0687922361238623,Simples,Sim
116,139,SP,SAO JOSE DOS CAMPOS,22,0,3,63,0.0,0.0,0.05747119958885169,Dupla,Não
407,129,PE,PETROLINA,22,2,7,52,0.038461538461538464,0.010611711001315298,0.1298118915745576,Dupla,Sim
101,139,SC,BALNEARIO CAMBORIU,22,0,6,44,0.0,0.0,0.08029560375848063,Dupla,Sim
135,5,MA,SAO LUIS,22,0,6,58,0.0,0.0,0.062117855787202886,Dupla,Não
365,626,MG,UBERLANDIA,22,0,4,62,0.0,0.0,0.058344072101372456,Dupla,Sim
470,217,RS,BENTO GONCALVES,22,0,0,62,0.0,0.0,0.058344072101372456,Dupla,Sim
230,11,PB,CABEDELO,22,0,9,41,0.0,0.0,0.08566757018443184,Dupla,Não
40,118,RJ,DUQUE DE CAXIAS,22,0,5,40,0.0,0.0,0.0876216011972866,Múltipla,Sim
101,485,RJ,ANGRA DOS REIS,22,1,7,49,0.02040816326530612,0.0036116725898252544,0.10693521523391615,Simples,Sim
101,85,RN,NATAL,22,0,9,47,0.0,0.0,0.07555760416399626,Simples,Sim
40,117,RJ,DUQUE DE CAXIAS,22,2,4,63,0.031746031746031744,0.008749527561580449,0.1085647704660743,Múltipla,Não
116,17,PR,COLOMBO,22,1,0,55,0.01818181818181818,0.003216780454841077,0.09605776062162394,Dupla,Sim
116,125,PR,FAZENDA RIO GRANDE,22,0,3,54,0.0,0.0,0.06641358809089637,Dupla,Sim
222,3,CE,CAUCAIA,22,1,9,51,0.0196078431372549,0.0034696926410608467,0.10304568726144972,Múltipla,Sim
101,326,RJ,NITEROI,22,0,4,62,0.0,0.0,0.058344072101372456,Dupla,Sim
316,2,PI,TERESINA,22,0,7,51,0.0,0.0,0.07004661989853139,Múltipla,Sim
101,482,RJ,ANGRA DOS REIS,22,1,7,62,0.016129032258064516,0.00285286716862182,0.08586720260689991,Simples,Sim
40,3,GO,VALPARAISO DE GOIAS,22,0,3,53,0.0,0.0,0.06758198857654184,Dupla,Sim
470,68,SC,INDAIAL,22,0,9,64,0.0,0.0,0.05662405979280531,Simples,Sim
290,86,RS,PORTO ALEGRE,22,0,2,45,0.0,0.0,0.07865159873288834,Múltipla,Sim
116,416,MG,GOVERNADOR VALADARES,22,0,4,46,0.0,0.0,0.07707356308558035,Simples,Sim
277,1,PR,PARANAGUA,21,0,5,52,0.0,0.0,0.0687922361238623,Simples,Não
369,187,PR,ARAPONGAS,21,0,7,46,0.0,0.0,0.07707356308558035,Simples,Sim
101,82,PE,JABOATAO DOS GUARARAPES,21,1,5,48,0.020833333333333332,0.003687110977510656,0.10899217995251859,Dupla,Sim
376,617,PR,SAO JOSE DOS PINHAIS,21,0,3,52,0.0,0.0,0.0687922361238623,Múltipla,Sim
40,112,RJ,DUQUE DE CAXIAS,21,0,3,43,0.0,0.0,0.08200980322579113,Múltipla,Não
101,44,PE,IGARASSU,21,0,8,53,0.0,0.0,0.06758198857654184,Múltipla,Sim
116,243,RS,SAO LEOPOLDO,21,1,2,49,0.02040816326530612,0.0036116725898252544,0.10693521523391615,Dupla,Não
101,122,SC,ITAJAI,21,0,5,41,0.0,0.0,0.08566757018443184,Dupla,Sim
116,178,RJ,NOVA IGUACU,21,2,1,45,0.044444444444444446,0.012274126706719873,0.1482751076943562,Dupla,Sim
101,58,PE,RECIFE,21,1,7,56,0.017857142857142856,0.0031592103419746664,0.09445637149397573,Dupla,Sim
101,81,RN,NATAL,21,1,5,58,0.017241379310344827,0.0030500384460675142,0.0914085809346801,Dupla,Sim
101,99,RN,NATAL,21,0,5,52,0.0,0.0,0.0687922361238623,Simples,Sim
364,124,AC,RIO BRANCO,21,1,4,52,0.019230769230769232,0.0034028080709451597,0.10120511127892244,Dupla,Sim
101,148,ES,LINHARES,21,0,3,41,0.0,0.0,0.08566757018443184,Dupla,Não
470,66,SC,INDAIAL,21,2,7,52,0.038461538461538464,0.010611711001315298,0.1298118915745576,Simples,Não
116,148,SP,SAO JOSE DOS CAMPOS,21,2,3,57,0.03508771929824561,0.009675664344932888,0.11920781367625805,Múltipla,Não
135,7,MA,SAO LUIS,21,0,4,51,0.0,0.0,0.07004661989853139,Dupla,Sim
101,294,ES,CARIACICA,21,1,8,73,0.0136986301369863,0.0024222514664838588,0.07359737270963818,Dupla,Sim
280,27,SC,SAO FRANCISCO DO SUL,21,1,10,52,0.019230769230769232,0.0034028080709451597,0.10120511127892244,Simples,Sim
470,53,SC,BLUMENAU,21,0,16,60,0.0,0.0,0.06017185214208984,Simples,Sim
116,158,SP,JACAREI,21,2,2,44,0.045454545454545456,0.012555109949594967,0.15134998437629651,Simples,Sim
381,502,MG,BETIM,21,0,5,44,0.0,0.0,0.08029560375848063,Dupla,Sim
101,129,SC,CAMBORIU,21,0,7,50,0.0,0.0,0.0713475991333587,Simples,Sim
40,532,MG,BELO HORIZONTE,21,0,2,59,0.0,0.0,0.061129370526788365,Dupla,Sim
101,135,SC,BALNEARIO CAMBORIU,21,1,4,44,0.022727272727272728,0.004023252060053231,0.11807709698213281,Múltipla,Sim
101,198,SC,BIGUACU,21,1,2,39,0.02564102564102564,0.004540703100990098,0.1318099016985007,Múltipla,Sim
101,218,SC,PALHOCA,21,0,4,43,0.0,0.0,0.08200980322579113,Dupla,Não
116,150,RS,CAXIAS DO SUL,21,1,1,64,0.015625,0.002763541923337505,0.08334101600094262,Dupla,Sim
364,11,RO,VILHENA,21,0,3,45,0.0,0.0,0.07865159873288834,Simples,Sim
101,121,SC,ITAJAI,21,0,7,54,0.0,0.0,0.06641358809089637,Dupla,Sim
40,511,MG,RIBEIRAO DAS NEVES,21,0,7,61,0.0,0.0,0.0592438678981128,Dupla,Não
116,19,CE,EUSEBIO,20,0,3,54,0.0,0.0,0.06641358809089637,Dupla,Sim
369,147,PR,LONDRINA,20,0,6,51,0.0,0.0,0.07004661989853139,Dupla,Sim
70,7,DF,BRASILIA,20,0,4,55,0.0,0.0,0.06528490111708635,Dupla,Sim
116,23,CE,AQUIRAZ,20,0,7,46,0.0,0.0,0.07707356308558035,Dupla,Sim
222,4,CE,CAUCAIA,20,0,8,54,0.0,0.0,0.06641358809089637,Múltipla,Sim
277,0,PR,PARANAGUA,20,1,6,53,0.018867924528301886,0.0033384533882637665,0.09942912052501235,Simples,Sim
277,725,PR,FOZ DO IGUACU,20,0,4,45,0.0,0.0,0.07865159873288834,Simples,Sim
369,148,PR,LONDRINA,20,0,4,42,0.0,0.0,0.08379879086570388,Dupla,Sim
277,7,PR,PARANAGUA,20,0,3,46,0.0,0.0,0.07707356308558035,Simples,Sim
116,6,CE,FORTALEZA,20,0,2,46,0.0,0.0,0.07707356308558035,Múltipla,Sim
324,623,BA,SALVADOR,20,0,3,44,0.0,0.0,0.08029560375848063,Dupla,Sim
116,12,CE,FORTALEZA,20,1,5,43,0.023255813953488372,0.0041170872743337555,0.12058993440607173,Múltipla,Sim
116,18,PR,CAMPINA GRANDE DO SUL,20,0,3,46,0.0,0.0,0.07707356308558035,Dupla,Não
101,103,RN,PARNAMIRIM,20,0,2,44,0.0,0.0,0.08029560375848063,Dupla,Sim
101,98,RN,NATAL,20,0,3,44,0.0,0.0,0.08029560375848063,Múltipla,Sim
101,83,RN,SAO GONCALO DO AMARANTE,20,0,3,52,0.0,0.0,0.0687922361238623,Simples,Sim
116,145,RJ,DUQUE DE CAXIAS,20,1,4,47,0.02127659574468085,0.003765768038596788,0.11112981041629325,Dupla,Não
116,175,RJ,SAO JOAO DE MERITI,20,1,5,61,0.01639344262295082,0.002899730799299831,0.08718860044641583,Múltipla,Sim
101,74,PE,RECIFE,20,0,4,54,0.0,0.0,0.06641358809089637,Dupla,Não
101,78,PE,JABOATAO DOS GUARARAPES,20,3,5,54,0.05555555555555555,0.019073268454690914,0.1510721431816614,Dupla,Sim
116,82,RJ,TERESOPOLIS,20,1,3,48,0.020833333333333332,0.003687110977510656,0.10899217995251859,Simples,Sim
101,319,RJ,NITEROI,20,0,0,43,0.0,0.0,0.08200980322579113,Dupla,Sim
101,320,RJ,NITEROI,20,0,3,43,0.0,0.0,0.08200980322579113,Múltipla,Sim
101,323,RJ,NITEROI,20,0,1,48,0.0,0.0,0.07410012966611745,Dupla,Não
101,325,RJ,NITEROI,20,0,0,55,0.0,0.0,0.06528490111708635,Múltipla,Não
101,296,RJ,ITABORAI,20,4,11,53,0.07547169811320754,0.0297395550869467,0.17858477483653223,Dupla,Não
116,122,PR,CURITIBA,20,0,4,46,0.0,0.0,0.07707356308558035,Dupla,Sim
343,341,PI,TERESINA,20,0,11,42,0.0,0.0,0.08379879086570388,Dupla,Sim
364,424,RO,JARU,20,1,5,56,0.017857142857142856,0.0031592103419746664,0.09445637149397573,Múltipla,Sim
40,525,MG,CONTAGEM,20,0,8,42,0.0,0.0,0.08379879086570388,Dupla,Sim
101,82,PB,JOAO PESSOA,20,0,6,57,0.0,0.0,0.06313883485297893,Dupla,Não
70,1,MT,BARRA DO GARCAS,20,0,5,58,0.0,0.0,0.062117855787202886,Simples,Sim
116,262,RS,CANOAS,20,0,2,34,0.0,0.0,0.10151455415332375,Múltipla,Sim
290,107,RS,ELDORADO DO SUL,20,0,6,52,0.0,0.0,0.0687922361238623,Dupla,Sim
290,95,RS,PORTO ALEGRE,20,1,1,49,0.02040816326530612,0.0036116725898252544,0.10693521523391615,Dupla,Não
116,260,RS,CANOAS,20,1,1,41,0.024390243902439025,0.004318531568912404,0.12595062055774228,Dupla,Sim
101,116,SC,ITAJAI,20,1,5,42,0.023809523809523808,0.004215404134432499,0.12321201573766641,Dupla,Não
116,247,RS,SAO LEOPOLDO,20,1,1,54,0.018518518518518517,0.003276487718229061,0.09771437488781928,Dupla,Sim
470,45,SC,GASPAR,20,0,6,42,0.0,0.0,0.08379879086570388,Simples,Não
40,510,MG,RIBEIRAO DAS NEVES,20,0,5,71,0.0,0.0,0.05132795219689032,Dupla,Não
280,31,SC,ARAQUARI,20,1,3,55,0.01818181818181818,0.003216780454841077,0.09605776062162394,Simples,Sim
470,56,SC,BLUMENAU,20,0,3,42,0.0,0.0,0.08379879086570388,Múltipla,Sim
101,66,ES,SAO MATEUS,20,0,5,45,0.0,0.0,0.07865159873288834,Dupla,Não
324,518,BA,FEIRA DE SANTANA,20,1,4,52,0.019230769230769232,0.0034028080709451597,0.10120511127892244,Dupla,Sim
381,88,SP,GUARULHOS,20,2,3,53,0.03773584905660377,0.010410287275826852,0.12754287197418354,Múltipla,Sim
